{
    "items": [
        {
            "id": "1764079202160-6f3601a193ab3",
            "title": "Test del 1",
            "platform": "PCI",
            "year": "1999",
            "category": "Del\/komponent",
            "era": "Sent 90-tal",
            "kind": "Komponent",
            "location": "Göteborg",
            "condition": "Fungerar",
            "status": "I bruk",
            "notes": "En testkomponent för att provtrycka systemet med till datorbyggaren",
            "imageDataUrls": [
                "uploads\/2415b43852a1e606_Unknown.jpeg"
            ],
            "createdAt": "2025-11-25T14:00:02.157Z",
            "updatedAt": "2025-11-25T14:00:35.682Z",
            "history": [
                "Skapad 2025-11-25 15:00:02",
                "Uppdaterad 2025-11-25 15:00:35: ändrade bilder"
            ]
        },
        {
            "id": "1764079679951-ee29145e5d1de8",
            "title": "Test del 2",
            "platform": "AT",
            "year": "",
            "category": "Del\/komponent",
            "era": "Tidigt 90-tal",
            "kind": "Komponent",
            "location": "Göteborg",
            "condition": "Fungerar",
            "status": "I bruk",
            "notes": "AT-chassi, testkomponent",
            "imageDataUrls": [
                "uploads\/bfbbbc452945caf1_Advantech-IPC-6608-300x300.jpg.webp"
            ],
            "createdAt": "2025-11-25T14:07:59.951Z",
            "updatedAt": "2025-11-25T14:07:59.951Z",
            "history": [
                "Skapad 2025-11-25 15:07:59"
            ]
        },
        {
            "id": "1764080337820-218b79253ae3e8",
            "title": "Test del 3",
            "platform": "PCI",
            "year": "",
            "category": "Del\/komponent",
            "era": "Mitten av 90-talet",
            "kind": "Komponent",
            "location": "",
            "condition": "Fungerar",
            "status": "I bruk",
            "notes": "Ett Voodoo 1 från 3dfx. Testat och fungerar",
            "imageDataUrls": [
                "uploads\/24cd204cfb3a1f2c_3dfx.jpeg"
            ],
            "createdAt": "2025-11-25T14:18:57.820Z",
            "updatedAt": "2025-11-25T15:00:40.938Z",
            "history": [
                "Skapad 2025-11-25 15:18:57",
                "Uppdaterad 2025-11-25 16:00:40: ändrade anteckningar"
            ]
        },
        {
            "id": "1764082269437-70c7474ac94338",
            "title": "TEST-SPEL 1: Toy Story: Buzz lightyear to the Rescue",
            "platform": "PC",
            "year": "1999",
            "category": "PC-spel",
            "era": "00-tal",
            "kind": "PC",
            "location": "Farmor",
            "condition": "Fungerar",
            "status": "I bruk",
            "notes": "Komplett i kartongen, se bild.",
            "imageDataUrls": [
                "uploads\/5dad112d4df3256b_Screenshot_2025-11-19_at_23.28.09.png"
            ],
            "createdAt": "2025-11-25T14:51:09.436Z",
            "updatedAt": "2025-11-25T15:00:23.979Z",
            "history": [
                "Skapad 2025-11-25 15:51:09",
                "Uppdaterad 2025-11-25 16:00:23: ändrade bilder"
            ]
        },
        {
            "id": "1764097538153-9579022bfdb768",
            "title": "TEST-SPEL 2: Medal of Honor: Underground",
            "platform": "PlayStation",
            "year": "2000",
            "category": "Konsolspel",
            "era": "00-tal",
            "kind": "Spel",
            "location": "Farmor",
            "condition": "Fungerar",
            "status": "I bruk",
            "notes": "Komplett med inlägg och manual. Trasig jewel case. Testad, fungerar, men repig.",
            "imageDataUrls": [
                "uploads\/img_69260081359b78.08944034.jpg",
                "uploads\/img_6926008158bda2.61039667.jpg"
            ],
            "createdAt": "2025-11-25T19:05:38.147Z",
            "updatedAt": "2025-11-25T19:16:17.333Z",
            "history": [
                "Skapad 2025-11-25 20:05:38",
                "Uppdaterad 2025-11-25 20:16:17: ändrade bilder"
            ]
        },
        {
            "id": "1764146766493-d0e4a9b71eb5b8",
            "title": "TEST-SPEL 3",
            "platform": "Mac",
            "year": "",
            "category": "Programvara",
            "era": "Mitten av 90-talet",
            "kind": "Programvara",
            "location": "Göteborg",
            "condition": "Fungerar",
            "status": "I bruk",
            "notes": "",
            "imageDataUrls": [
                "uploads\/img_6926be4e78ecb2.91964025.png"
            ],
            "createdAt": "2025-11-26T08:46:06.487Z",
            "updatedAt": "2025-11-26T08:46:06.487Z",
            "history": [
                "Skapad 2025-11-26 09:46:06"
            ]
        },
        {
            "id": "1764147152111-ed67cbcfda5018",
            "title": "TEST-SPEL 4",
            "platform": "PC\/Mac",
            "year": "1998",
            "category": "Datorspel",
            "era": "Sent 90-tal",
            "kind": "Spel",
            "location": "Göteborg",
            "condition": "Fungerar",
            "status": "I bruk",
            "notes": "",
            "imageDataUrls": [
                "uploads\/img_6926bfd0031d87.24296890.png"
            ],
            "createdAt": "2025-11-26T08:52:32.110Z",
            "updatedAt": "2025-11-26T08:52:32.110Z",
            "history": [
                "Skapad 2025-11-26 09:52:32"
            ]
        },
        {
            "id": "1764172648138-e6c792ebf98198",
            "title": "TEST-SPEL 5",
            "platform": "",
            "year": "",
            "category": "Datorspel",
            "era": "",
            "kind": "",
            "location": "",
            "condition": "Fungerar",
            "status": "I bruk",
            "notes": "",
            "imageDataUrls": [
                "uploads\/img_69272384b27828.43792989.png"
            ],
            "createdAt": "2025-11-26T15:57:28.135Z",
            "updatedAt": "2025-11-26T15:57:56.716Z",
            "history": [
                "Skapad 2025-11-26 16:57:28",
                "Uppdaterad 2025-11-26 16:57:56: ändrade bilder"
            ]
        },
        {
            "id": "1764172701666-0fed5323f0e008",
            "title": "tEST-spel 6",
            "platform": "",
            "year": "",
            "category": "Datorspel",
            "era": "",
            "kind": "",
            "location": "",
            "condition": "Fungerar",
            "status": "I bruk",
            "notes": "",
            "imageDataUrls": [
                "uploads\/img_6927239da6d409.51084734.jpeg"
            ],
            "createdAt": "2025-11-26T15:58:21.666Z",
            "updatedAt": "2025-11-26T15:58:21.666Z",
            "history": [
                "Skapad 2025-11-26 16:58:21"
            ]
        },
        {
            "id": "1764172726616-49b14d30bfe358",
            "title": "Test-Spel 7",
            "platform": "",
            "year": "",
            "category": "Datorspel",
            "era": "",
            "kind": "",
            "location": "",
            "condition": "Fungerar",
            "status": "I bruk",
            "notes": "",
            "imageDataUrls": [
                "uploads\/img_692723b69ab889.79810494.png"
            ],
            "createdAt": "2025-11-26T15:58:46.616Z",
            "updatedAt": "2025-11-26T15:58:46.616Z",
            "history": [
                "Skapad 2025-11-26 16:58:46"
            ]
        },
        {
            "id": "1764172802087-a080ea7e42f6a8",
            "title": "Test-spel 8",
            "platform": "",
            "year": "",
            "category": "Datorspel",
            "era": "",
            "kind": "",
            "location": "",
            "condition": "Fungerar",
            "status": "I bruk",
            "notes": "",
            "imageDataUrls": [
                "uploads\/img_6927240cf0a838.26360149.png"
            ],
            "createdAt": "2025-11-26T16:00:02.087Z",
            "updatedAt": "2025-11-26T16:00:12.968Z",
            "history": [
                "Skapad 2025-11-26 17:00:02",
                "Uppdaterad 2025-11-26 17:00:12: ändrade bilder"
            ]
        }
    ],
    "configs": [
        {
            "id": "cfg-1764080394965-1a6128a9c1a3e8",
            "name": "TEST-DATOR Socket 7 med Voodoo 1",
            "purpose": "MMX-lan",
            "notes": "Tre komponenter med bland annat 3dfx voodoo 1",
            "componentIds": [
                "1764079202160-6f3601a193ab3",
                "1764079679951-ee29145e5d1de8",
                "1764080337820-218b79253ae3e8"
            ],
            "createdAt": "2025-11-25T14:19:54.965Z",
            "updatedAt": "2025-11-25T19:24:03.926Z",
            "imageDataUrls": [
                "uploads\/img_6926024b9a6037.53929668.jpeg",
                "uploads\/b5271d4b3fd3f3c4_image.png"
            ]
        }
    ]
}